# tests/model/mbt top-level test and seconds, tab-separated, for scripts/model-test.sh mbt I N.
# Regenerate from a full run with the fizz tools set (scripts/model-test.sh exports them):
#   BOUGH_MODEL_TESTS=1 go test -count=1 -race -parallel 4 -json ./tests/model/mbt/ |
#     jq -r 'select(.Test!=null and (.Test|test("/")|not) and .Elapsed!=null and (.Action=="pass" or .Action=="fail")) | "\(.Test)\t\(.Elapsed)"' | sort
TestAgentRunningCapsCatchesWrongAdapter	2.33
TestAgentRunningCapsHistoryRejects	5.46
TestAgentRunningCapsPaths	214.52
TestAgentStopPathsCatchesWrongAdapter	20.39
TestAgentStopPathsPaths	11.8
TestArchiveCrossTabAndCreateRacePaths	10.46
TestArchiveCrossTabAndCreateRacePathsCatchWrongAdapter	4
TestArchiveUnarchivePaths	7.24
TestArchiveUnarchivePathsCatchWrongAdapter	15.14
TestAskAcrossReloadRespawnPaths	5.54
TestAskAcrossReloadRespawnPathsCatchWrongAdapter	20.42
TestAskAnswerPaths	0.6
TestAskAnswerPathsCatchWrongAdapter	62.94
TestAskBesideParallelCallsPaths	4.6
TestAskBesideParallelCallsPathsCatchWrongAdapter	11.15
TestAttachmentsPasteCatchesWrongAdapter	7.85
TestAttachmentsPastePaths	31.87
TestBackgroundAgentLaunchFailureHistoryProjection	2.18
TestBackgroundAgentLaunchFailurePaths	67.38
TestBackgroundAgentLaunchFailurePathsCatchWrongAdapter	83.08
TestBackgroundBashJobs	1153.12
TestBackgroundBashJobsCatchesWrongAdapter	35.27
TestBackgroundBashJobsHistoryProjection	2.63
TestChangesCheckpointEdgeCatchesWrongAdapter	133.37
TestChangesCheckpointEdgeHistoryProjection	2.03
TestChangesCheckpointEdgePaths	524.46
TestChangesReviewHistoryRejects	0.85
TestCheckpointRefGCvsForkCatchesWrongAdapter	39.74
TestCheckpointRefGCvsForkPaths	691.73
TestChildGiveupVsLateSpawnCatchesWrongAdapter	1.05
TestChildGiveupVsLateSpawnPaths	0.61
TestChildNoticeDeliveryCatchesWrongAdapter	1560.4
TestChildNoticeDeliveryHistoryProjection	2.42
TestChildNoticeDeliveryPaths	7.98
TestComposerKeyboardRoutingPaths	67.46
TestComposerKeyboardRoutingPathsCatchWrongAdapter	50.27
TestContextInspectorHistoryRejectsTurns	2.51
TestContextInspectorPaths	4.54
TestContextPageTruthCatchesWrongAdapter	4.89
TestContextPageTruthHistoryShape	0.37
TestContextPageTruthPaths	67.33
TestCoordinatorRestartToolsChangeCatchesWrongAdapter	16.28
TestCoordinatorRestartToolsChangeHistoryCatchesMissingDone	1.11
TestCoordinatorRestartToolsChangePaths	65.86
TestCreateRacesFailuresCatchesWrongAdapter	1658.35
TestCreateRacesFailuresHistoryProjection	14.7
TestCreateRacesFailuresPaths	1929.8
TestCrossTabStopVsSendCatchesWrongAdapter	307.07
TestCrossTabStopVsSendHistoryProjection	0.7
TestCrossTabStopVsSendPaths	140.22
TestDraftMoveStartProjectCatchesWrongAdapter	26.55
TestDraftMoveStartProjectHistoryProjection	0.93
TestDraftMoveStartProjectPaths	16.75
TestEmptySessionLifecycleHistoryProjection	0.1
TestEmptySessionLifecyclePaths	13.72
TestEmptySessionLifecyclePathsCatchWrongAdapter	2.31
TestEngineCancelMidCallCatchesWrongAdapter	113.35
TestEngineCancelMidCallPaths	1122.78
TestEtagConditionalGetRaceCatchesWrongAdapter	8.16
TestEtagConditionalGetRacePaths	10.68
TestEventStreamLifecycleHistoryProjection	0.67
TestEventStreamLifecyclePaths	3.94
TestEventStreamLifecyclePathsCatchWrongAdapter	21.75
TestFileMentionResolutionPaths	44.86
TestFileMentionResolutionPathsCatchWrongAdapter	13.94
TestFulltextSearchSurfacesCatchesWrongAdapter	111.59
TestFulltextSearchSurfacesHistoryProjection	5.25
TestFulltextSearchSurfacesPaths	24
TestHistoryFocusNavigationCatchesWrongAdapter	12.58
TestHistoryFocusNavigationPaths	190.2
TestHistoryIoFailureCatchesWrongAdapter	14.8
TestHistoryIoFailureHistoryProjection	3.48
TestHistoryIoFailurePaths	332.18
TestHookbridgeSessionAttributionRacePaths	0.02
TestHookbridgeSessionAttributionRacePathsCatchesWrongAdapter	0.13
TestHookDenyEffectVsLedgerPaths	91.16
TestHookDenyEffectVsLedgerPathsCatchWrongAdapter	2.3
TestHooksPagePaths	7.87
TestHooksPagePathsCatchWrongAdapter	4.77
TestHungRequestsPaths	0.61
TestHungRequestsPathsCatchWrongAdapter	19.1
TestHungTranscriptPaths	0.37
TestHungTranscriptPathsCatchWrongAdapter	7.12
TestHungTranscriptStaleFirstRead	5.02
TestLiveTranscriptSyncPaths	1.26
TestLiveTranscriptSyncPathsCatchWrongAdapter	5.98
TestMePagePaths	4.9
TestMePagePathsCatchesWrongAdapter	6.45
TestMetaLoadCorruptCatchesWrongAdapter	2.68
TestMetaLoadCorruptHistoryProjection	0.54
TestMetaLoadCorruptPaths	9.75
TestMetaSaveFailureHistoryRejects	0.29
TestMetaSaveFailurePaths	1.07
TestMetaSaveFailurePathsCatchWrongAdapter	2.47
TestMetaSaveFailurePicksHistoryRejects	0.09
TestMetaSaveFailurePicksPaths	0.05
TestMetaSaveFailurePicksPathsCatchWrongAdapter	0.59
TestModelEffortControlsHistoryProjection	0.52
TestModelResumeOverridePrecedenceCatchesWrongAdapter	0.67
TestModelResumeOverridePrecedencePaths	0.1
TestModePickerEffortModelRaceHistoryProjection	0.67
TestMultiTabComposerStoragePaths	4.44
TestMultiTabComposerStoragePathsCatchWrongAdapter	15.64
TestMultiTabRemoteChangeCatchesWrongAdapter	14.24
TestMultiTabRemoteChangeHistoryProjection	3.85
TestMultiTabRemoteChangePaths	523.92
TestNarrowLayoutPaths	2.3
TestNarrowLayoutPathsCatchWrongAdapter	1.34
TestNativeCallAdoptionCatchesWrongAdapter	24.84
TestNativeCallAdoptionHistoryProjection	0.16
TestNativeCallAdoptionPaths	0.85
TestNavigationRoutesPalettePaths	4.73
TestNoticeDuringOpenAskPaths	5.43
TestNoticeDuringOpenAskPathsCatchWrongAdapter	5.01
TestOrbBuildConcurrencyPaths	1246.24
TestOrbBuildConcurrencyPathsCatchWrongAdapter	62.28
TestOrbDeleteProjectVsActivePortalCatchesWrongAdapter	0.34
TestOrbDeleteProjectVsActivePortalPaths	0.11
TestOrbExecRestartVsExternalStopPaths	544.93
TestOrbExecRestartVsExternalStopPathsCatchWrongAdapter	3.83
TestOrbFailureReaperPaths	789.72
TestOrbFailureReaperPathsCatchWrongAdapter	292.55
TestOrbFdExhaustionReaperPriorityPaths	10.63
TestOrbFdExhaustionReaperPriorityPathsCatchesWrongAdapter	1.25
TestOrbIdleReaperVsResumeRacePaths	1.49
TestOrbIdleReaperVsResumeRacePathsCatchWrongAdapter	0.77
TestOrbImageBuildPaths	10.29
TestOrbImageBuildPathsCatchWrongAdapter	0.78
TestOrbPortalOpenCloseRaceCatchesWrongAdapter	0.32
TestOrbPortalOpenCloseRacePaths	0.79
TestOrbRelayProxyAuthPaths	395.39
TestOrbRelayProxyAuthPathsCatchWrongAdapter	63.57
TestOrbRemoveDataSafetyPaths	3.47
TestOrbRemoveDataSafetyPathsCatchWrongAdapter	68.55
TestOrbRemoveDataSafetyTraceRejects	6.73
TestOverlayStackNavigationHistoryRejectsTurn	0.39
TestOverlayStackNavigationPaths	100.13
TestOverlayStackNavigationPathsCatchWrongAdapter	22.39
TestProjectDefinitionWritersPaths	1.02
TestProjectDefinitionWritersPathsCatchWrongAdapter	1.63
TestProjectDeleteWithProjectSessionsPaths	1.45
TestProjectDeleteWithProjectSessionsPathsCatchWrongAdapter	14.17
TestProjectLifecyclePaths	6.23
TestProjectMainThreadsPaths	0.97
TestProjectMainThreadsPathsCatchWrongAdapter	1.62
TestProjectSessionQueueCreatePaths	1.66
TestProjectSessionQueueCreatePathsCatchWrongAdapter	4.02
TestPromptIdempotencyReloadPaths	3
TestPromptIdempotencyReloadPathsCatchWrongAdapter	0.02
TestProviderFailureRetryCatchesWrongAdapter	1.36
TestProviderFailureRetryPaths	15.5
TestQueueVsRefusalCatchesWrongAdapter	24.83
TestQueueVsRefusalHistoryProjection	0.75
TestQueueVsRefusalPaths	3.94
TestRouteResolutionFirstLoadHistoryProjection	2.4
TestRouteResolutionFirstLoadPaths	13.34
TestRouteResolutionFirstLoadPathsCatchWrongAdapter	14.22
TestRulesPromptApprovalPaths	2.02
TestRulesPromptApprovalPathsCatchWrongAdapter	18.44
TestRuntimeStripPaneNarrowToggleCatchesWrongAdapter	0.02
TestRuntimeStripPaneNarrowTogglePaths	0.01
TestSearchScopeVsProjectDeletionCatchesWrongAdapter	3.63
TestSearchScopeVsProjectDeletionPaths	1.55
TestSecretStoreOutcomesPaths	0.64
TestSecretStoreOutcomesPathsCatchWrongAdapter	5.26
TestServeAuthAnswersCatchesWrongAdapter	22.48
TestServeAuthAnswersHistoryProjection	3.69
TestServeAuthAnswersPaths	485.39
TestServeCloseChildrenOrbsCatchesWrongAdapter	1.12
TestServeCloseChildrenOrbsHistoryProjection	0.05
TestServeCloseChildrenOrbsPaths	45.91
TestServeRestartResumeHistoryProjection	0.52
TestServeRestartResumePaths	8.45
TestSessionCreateCatchesWrongAdapter	11.36
TestSessionCreateHistoryProjection	0.41
TestSessionCreatePaths	41.76
TestSessionFilingHistory	0.43
TestSessionTitleWritersCatchesWrongAdapter	1809
TestSessionTitleWritersHistoryProjection	0.52
TestSessionTitleWritersPaths	1796.51
TestSetupKeyEnvPrecedenceCatchesWrongAdapter	8.54
TestSetupKeyEnvPrecedencePaths	1.4
TestSetupWelcomeCatchesWrongAdapter	0.31
TestSetupWelcomePaths	0.11
TestSetupWizardConcurrentKeyWriteCatchesWrongAdapter	0.12
TestSetupWizardConcurrentKeyWritePaths	0.02
TestSidebarClosedNoticeReopenRacePaths	0.34
TestSidebarClosedNoticeReopenRacePathsCatchWrongAdapter	0.74
TestSkillsMentionsPaths	0.64
TestSkillsMentionsPathsCatchWrongAdapter	0.37
TestSpawnCallBudgetCancelHistoryRejects	0.73
TestSpawnCallBudgetCancelPaths	1.87
TestSpawnCallBudgetCancelPathsCatchWrongAdapter	12.5
TestSpecFixtures	0.99
TestStartFolderTargetsCatchesWrongAdapter	9.89
TestStartFolderTargetsHistoryProjection	0.22
TestStartFolderTargetsPaths	38.46
TestSteerQueuePaths	0.24
TestStickyOverrideFileWritersHistoryProjection	0.48
TestStickyOverrideFileWritersPaths	41.78
TestStickyOverrideFileWritersPathsCatchWrongAdapter	10.2
TestStopInterruptCatchesWrongAdapter	1.58
TestStreamPreviewSupersedePaths	4.99
TestStreamPreviewSupersedePathsCatchWrongAdapter	64.75
TestTranscriptEditRetryHistoryRejectsExpanded	0.52
TestTranscriptEditRetryPaths	2.37
TestTranscriptEditRetryPathsCatchWrongAdapter	6.7
TestTurnLifecycleCatchesWrongAdapter	1.97
TestTurnLifecycleHistoryAfterCallEnd	0.01
TestTurnLifecyclePaths	5.58
TestTurnLimitsCatchesWrongAdapter	2.07
TestTurnLimitsGoSpecIsTheGraph	0.54
TestTurnLimitsHistoryProjection	0.18
TestTurnLimitsPaths	145.59
TestTurnWriteCrashRecoveryCatchesWrongAdapter	0.58
TestTurnWriteCrashRecoveryHistoryProjection	0.31
TestTurnWriteCrashRecoveryPaths	1.79
TestUnseenTroubleAckPaths	17.26
TestUnseenTroubleAckPathsCatchWrongAdapter	2.77
TestUpdateRestartFlagsBannerCatchesWrongAdapter	1.15
TestUpdateRestartFlagsBannerHistoryProjection	0.5
TestUpdateRestartFlagsBannerPaths	13.95
TestViewportCrossingPaths	1.5
TestViewportCrossingPathsCatchWrongAdapter	1.43
TestViewportCrossingPathsNeedArrival	1.82
TestWatcherWakeDeliveryCatchesWrongAdapter	5.84
TestWatcherWakeDeliveryWalks	1.18
TestWikiEditVsIngestLockCatchesWrongAdapter	21.3
TestWikiEditVsIngestLockHistoryProjection	0.14
TestWikiEditVsIngestLockPaths	52.04
TestWikiPageLoadRaceHistoryRejects	0.22
TestWikiPageLoadRacePaths	0.58
TestWikiPageLoadRacePathsCatchWrongAdapter	8.27
TestWikiRedactVsIngestRaceCatchesWrongAdapter	2.52
TestWikiRedactVsIngestRaceHistoryProjection	1.24
TestWikiRedactVsIngestRacePaths	34.87
TestWikiReviewPaths	20.3
TestWikiReviewPathsCatchWrongAdapter	2.51
TestWikiRunFeedbackPaths	484.83
TestWikiRunFeedbackPathsCatchWrongAdapter	11.72
